Experiment,Accuracy,Kappa,Dataset,DR Method,N Components,Model,Class,IoU Score
IndianPines_PCA_8_mou,92.78602108551348,0.9178804271775152,IndianPines,PCA,8,mou,Undefined,0.0
IndianPines_PCA_8_hamida,97.12026552128076,0.9672566855231628,IndianPines,PCA,8,hamida,Undefined,0.0
IndianPines_PCA_8_li,97.39359625146427,0.9703704852790824,IndianPines,PCA,8,li,Undefined,0.0
IndianPines_PCA_8_paoletti,94.0550566185084,0.93238052453371,IndianPines,PCA,8,paoletti,Undefined,0.0
IndianPines_FastICA_8_mou,88.80320187426787,0.8727241357481775,IndianPines,FastICA,8,mou,Undefined,0.0
IndianPines_FastICA_8_hamida,96.8566966028895,0.9642573077941268,IndianPines,FastICA,8,hamida,Undefined,0.0
IndianPines_FastICA_8_li,97.06169465052714,0.9665812126559132,IndianPines,FastICA,8,li,Undefined,0.0
IndianPines_FastICA_8_paoletti,93.57672784068724,0.9269751546160928,IndianPines,FastICA,8,paoletti,Undefined,0.0
IndianPines_UMAP_8_mou,84.01991409605623,0.8181828334041815,IndianPines,UMAP,8,mou,Undefined,0.0
IndianPines_UMAP_8_hamida,96.19289340101524,0.9567506584678585,IndianPines,UMAP,8,hamida,Undefined,0.0
IndianPines_UMAP_8_li,97.13002733307302,0.9673679821115794,IndianPines,UMAP,8,li,Undefined,0.0
IndianPines_UMAP_8_paoletti,91.6536509176103,0.9050981710403004,IndianPines,UMAP,8,paoletti,Undefined,0.0
IndianPines_DiffMaps_8_mou,75.44904334244436,0.7175534318527652,IndianPines,DiffMaps,8,mou,Undefined,0.0
IndianPines_DiffMaps_8_hamida,85.75470777636842,0.8375970183875586,IndianPines,DiffMaps,8,hamida,Undefined,0.0
IndianPines_DiffMaps_8_li,89.05259049663381,0.8750600233248391,IndianPines,DiffMaps,8,li,Undefined,0.0
IndianPines_DiffMaps_8_paoletti,76.25134159430188,0.7301167130154771,IndianPines,DiffMaps,8,paoletti,Undefined,0.0
IndianPines_SOM_8_mou,78.11493804273587,0.7502580390927936,IndianPines,SOM,8,mou,Undefined,0.0
IndianPines_SOM_8_hamida,91.11132793443262,0.89869331655254,IndianPines,SOM,8,hamida,Undefined,0.0
IndianPines_SOM_8_li,83.73499853644257,0.8142964496207955,IndianPines,SOM,8,li,Undefined,0.0
IndianPines_SOM_8_paoletti,84.35944970240999,0.8213412546375117,IndianPines,SOM,8,paoletti,Undefined,0.0
IndianPines_Corr_8_mou,76.02499023818821,0.7242782009130428,IndianPines,Corr,8,mou,Undefined,0.0
IndianPines_Corr_8_hamida,81.54041390082,0.7902187421344499,IndianPines,Corr,8,hamida,Undefined,0.0
IndianPines_Corr_8_li,74.41429129246389,0.7049177650578656,IndianPines,Corr,8,li,Undefined,0.0
IndianPines_Corr_8_paoletti,79.12924638812964,0.7606215634739103,IndianPines,Corr,8,paoletti,Undefined,0.0
IndianPines_Var_8_mou,76.14213197969544,0.72629081186898,IndianPines,Var,8,mou,Undefined,0.0
IndianPines_Var_8_hamida,80.0761421319797,0.7725674396478752,IndianPines,Var,8,hamida,Undefined,0.0
IndianPines_Var_8_li,87.9832096837173,0.8627414286537316,IndianPines,Var,8,li,Undefined,0.0
IndianPines_Var_8_paoletti,80.72042171026943,0.7806533474858448,IndianPines,Var,8,paoletti,Undefined,0.0
IndianPines_AE1_8_mou,84.7130027333073,0.8260823956249891,IndianPines,AE1,8,mou,Undefined,0.0
IndianPines_AE1_8_hamida,86.63607965638423,0.8478585252816302,IndianPines,AE1,8,hamida,Undefined,0.0
IndianPines_AE1_8_li,93.73291682936352,0.9286493947372092,IndianPines,AE1,8,li,Undefined,0.0
IndianPines_AE1_8_paoletti,82.35064427957829,0.7987855551485525,IndianPines,AE1,8,paoletti,Undefined,0.0
IndianPines_AE2_8_hamida,93.75244045294806,0.9291235010475488,IndianPines,AE2,8,hamida,Undefined,0.0
IndianPines_AE2_8_li,95.5778992581023,0.9497714870073356,IndianPines,AE2,8,li,Undefined,0.0
IndianPines_AE2_8_paoletti,83.25849277625927,0.8095285777929407,IndianPines,AE2,8,paoletti,Undefined,0.0
IndianPines_PCA_8_mou,92.78602108551348,0.9178804271775152,IndianPines,PCA,8,mou,Alfalfa,0.6086956521739131
IndianPines_PCA_8_hamida,97.12026552128076,0.9672566855231628,IndianPines,PCA,8,hamida,Alfalfa,1.0
IndianPines_PCA_8_li,97.39359625146427,0.9703704852790824,IndianPines,PCA,8,li,Alfalfa,1.0
IndianPines_PCA_8_paoletti,94.0550566185084,0.93238052453371,IndianPines,PCA,8,paoletti,Alfalfa,0.5918367346938775
IndianPines_FastICA_8_mou,88.80320187426787,0.8727241357481775,IndianPines,FastICA,8,mou,Alfalfa,0.6938775510204082
IndianPines_FastICA_8_hamida,96.8566966028895,0.9642573077941268,IndianPines,FastICA,8,hamida,Alfalfa,1.0
IndianPines_FastICA_8_li,97.06169465052714,0.9665812126559132,IndianPines,FastICA,8,li,Alfalfa,1.0
IndianPines_FastICA_8_paoletti,93.57672784068724,0.9269751546160928,IndianPines,FastICA,8,paoletti,Alfalfa,0.8695652173913043
IndianPines_UMAP_8_mou,84.01991409605623,0.8181828334041815,IndianPines,UMAP,8,mou,Alfalfa,0.2608695652173913
IndianPines_UMAP_8_hamida,96.19289340101524,0.9567506584678585,IndianPines,UMAP,8,hamida,Alfalfa,0.9347826086956522
IndianPines_UMAP_8_li,97.13002733307302,0.9673679821115794,IndianPines,UMAP,8,li,Alfalfa,1.0
IndianPines_UMAP_8_paoletti,91.6536509176103,0.9050981710403004,IndianPines,UMAP,8,paoletti,Alfalfa,0.5957446808510638
IndianPines_DiffMaps_8_mou,75.44904334244436,0.7175534318527652,IndianPines,DiffMaps,8,mou,Alfalfa,0.717391304347826
IndianPines_DiffMaps_8_hamida,85.75470777636842,0.8375970183875586,IndianPines,DiffMaps,8,hamida,Alfalfa,0.5434782608695652
IndianPines_DiffMaps_8_li,89.05259049663381,0.8750600233248391,IndianPines,DiffMaps,8,li,Alfalfa,0.45652173913043476
IndianPines_DiffMaps_8_paoletti,76.25134159430188,0.7301167130154771,IndianPines,DiffMaps,8,paoletti,Alfalfa,0.5294117647058824
IndianPines_SOM_8_mou,78.11493804273587,0.7502580390927936,IndianPines,SOM,8,mou,Alfalfa,0.8541666666666666
IndianPines_SOM_8_hamida,91.11132793443262,0.89869331655254,IndianPines,SOM,8,hamida,Alfalfa,0.9782608695652174
IndianPines_SOM_8_li,83.73499853644257,0.8142964496207955,IndianPines,SOM,8,li,Alfalfa,0.9130434782608695
IndianPines_SOM_8_paoletti,84.35944970240999,0.8213412546375117,IndianPines,SOM,8,paoletti,Alfalfa,0.3829787234042553
IndianPines_Corr_8_mou,76.02499023818821,0.7242782009130428,IndianPines,Corr,8,mou,Alfalfa,0.5416666666666666
IndianPines_Corr_8_hamida,81.54041390082,0.7902187421344499,IndianPines,Corr,8,hamida,Alfalfa,0.6956521739130435
IndianPines_Corr_8_li,74.41429129246389,0.7049177650578656,IndianPines,Corr,8,li,Alfalfa,0.45652173913043476
IndianPines_Corr_8_paoletti,79.12924638812964,0.7606215634739103,IndianPines,Corr,8,paoletti,Alfalfa,0.4117647058823529
IndianPines_Var_8_mou,76.14213197969544,0.72629081186898,IndianPines,Var,8,mou,Alfalfa,0.7719298245614035
IndianPines_Var_8_hamida,80.0761421319797,0.7725674396478752,IndianPines,Var,8,hamida,Alfalfa,0.9565217391304348
IndianPines_Var_8_li,87.9832096837173,0.8627414286537316,IndianPines,Var,8,li,Alfalfa,1.0
IndianPines_Var_8_paoletti,80.72042171026943,0.7806533474858448,IndianPines,Var,8,paoletti,Alfalfa,0.86
IndianPines_AE1_8_mou,84.7130027333073,0.8260823956249891,IndianPines,AE1,8,mou,Alfalfa,0.6086956521739131
IndianPines_AE1_8_hamida,86.63607965638423,0.8478585252816302,IndianPines,AE1,8,hamida,Alfalfa,0.48936170212765956
IndianPines_AE1_8_li,93.73291682936352,0.9286493947372092,IndianPines,AE1,8,li,Alfalfa,1.0
IndianPines_AE1_8_paoletti,82.35064427957829,0.7987855551485525,IndianPines,AE1,8,paoletti,Alfalfa,0.44680851063829785
IndianPines_AE2_8_hamida,93.75244045294806,0.9291235010475488,IndianPines,AE2,8,hamida,Alfalfa,0.9183673469387755
IndianPines_AE2_8_li,95.5778992581023,0.9497714870073356,IndianPines,AE2,8,li,Alfalfa,1.0
IndianPines_AE2_8_paoletti,83.25849277625927,0.8095285777929407,IndianPines,AE2,8,paoletti,Alfalfa,0.4117647058823529
IndianPines_PCA_8_mou,92.78602108551348,0.9178804271775152,IndianPines,PCA,8,mou,Corn-notill,0.8682673588578845
IndianPines_PCA_8_hamida,97.12026552128076,0.9672566855231628,IndianPines,PCA,8,hamida,Corn-notill,0.9930118798043326
IndianPines_PCA_8_li,97.39359625146427,0.9703704852790824,IndianPines,PCA,8,li,Corn-notill,0.9951219512195122
IndianPines_PCA_8_paoletti,94.0550566185084,0.93238052453371,IndianPines,PCA,8,paoletti,Corn-notill,0.9182058047493403
IndianPines_FastICA_8_mou,88.80320187426787,0.8727241357481775,IndianPines,FastICA,8,mou,Corn-notill,0.7488372093023256
IndianPines_FastICA_8_hamida,96.8566966028895,0.9642573077941268,IndianPines,FastICA,8,hamida,Corn-notill,0.9813148788927336
IndianPines_FastICA_8_li,97.06169465052714,0.9665812126559132,IndianPines,FastICA,8,li,Corn-notill,0.9825174825174825
IndianPines_FastICA_8_paoletti,93.57672784068724,0.9269751546160928,IndianPines,FastICA,8,paoletti,Corn-notill,0.8902925531914894
IndianPines_UMAP_8_mou,84.01991409605623,0.8181828334041815,IndianPines,UMAP,8,mou,Corn-notill,0.6363080684596577
IndianPines_UMAP_8_hamida,96.19289340101524,0.9567506584678585,IndianPines,UMAP,8,hamida,Corn-notill,0.9534075104311543
IndianPines_UMAP_8_li,97.13002733307302,0.9673679821115794,IndianPines,UMAP,8,li,Corn-notill,0.9895251396648045
IndianPines_UMAP_8_paoletti,91.6536509176103,0.9050981710403004,IndianPines,UMAP,8,paoletti,Corn-notill,0.8109452736318408
IndianPines_DiffMaps_8_mou,75.44904334244436,0.7175534318527652,IndianPines,DiffMaps,8,mou,Corn-notill,0.5220372184133203
IndianPines_DiffMaps_8_hamida,85.75470777636842,0.8375970183875586,IndianPines,DiffMaps,8,hamida,Corn-notill,0.6798764796706125
IndianPines_DiffMaps_8_li,89.05259049663381,0.8750600233248391,IndianPines,DiffMaps,8,li,Corn-notill,0.736346516007533
IndianPines_DiffMaps_8_paoletti,76.25134159430188,0.7301167130154771,IndianPines,DiffMaps,8,paoletti,Corn-notill,0.5
IndianPines_SOM_8_mou,78.11493804273587,0.7502580390927936,IndianPines,SOM,8,mou,Corn-notill,0.5831367924528302
IndianPines_SOM_8_hamida,91.11132793443262,0.89869331655254,IndianPines,SOM,8,hamida,Corn-notill,0.793640054127199
IndianPines_SOM_8_li,83.73499853644257,0.8142964496207955,IndianPines,SOM,8,li,Corn-notill,0.700188560653677
IndianPines_SOM_8_paoletti,84.35944970240999,0.8213412546375117,IndianPines,SOM,8,paoletti,Corn-notill,0.7295980511571255
IndianPines_Corr_8_mou,76.02499023818821,0.7242782009130428,IndianPines,Corr,8,mou,Corn-notill,0.5185396463205932
IndianPines_Corr_8_hamida,81.54041390082,0.7902187421344499,IndianPines,Corr,8,hamida,Corn-notill,0.6431670281995662
IndianPines_Corr_8_li,74.41429129246389,0.7049177650578656,IndianPines,Corr,8,li,Corn-notill,0.43666666666666665
IndianPines_Corr_8_paoletti,79.12924638812964,0.7606215634739103,IndianPines,Corr,8,paoletti,Corn-notill,0.5460729746444032
IndianPines_Var_8_mou,76.14213197969544,0.72629081186898,IndianPines,Var,8,mou,Corn-notill,0.5192829983704509
IndianPines_Var_8_hamida,80.0761421319797,0.7725674396478752,IndianPines,Var,8,hamida,Corn-notill,0.5746835443037974
IndianPines_Var_8_li,87.9832096837173,0.8627414286537316,IndianPines,Var,8,li,Corn-notill,0.7363694676074407
IndianPines_Var_8_paoletti,80.72042171026943,0.7806533474858448,IndianPines,Var,8,paoletti,Corn-notill,0.5763604447045055
IndianPines_AE1_8_mou,84.7130027333073,0.8260823956249891,IndianPines,AE1,8,mou,Corn-notill,0.6541570438799076
IndianPines_AE1_8_hamida,86.63607965638423,0.8478585252816302,IndianPines,AE1,8,hamida,Corn-notill,0.7174645987862441
IndianPines_AE1_8_li,93.73291682936352,0.9286493947372092,IndianPines,AE1,8,li,Corn-notill,0.926829268292683
IndianPines_AE1_8_paoletti,82.35064427957829,0.7987855551485525,IndianPines,AE1,8,paoletti,Corn-notill,0.6214196762141968
IndianPines_AE2_8_hamida,93.75244045294806,0.9291235010475488,IndianPines,AE2,8,hamida,Corn-notill,0.892948717948718
IndianPines_AE2_8_li,95.5778992581023,0.9497714870073356,IndianPines,AE2,8,li,Corn-notill,0.9405080213903744
IndianPines_AE2_8_paoletti,83.25849277625927,0.8095285777929407,IndianPines,AE2,8,paoletti,Corn-notill,0.652122641509434
IndianPines_PCA_8_mou,92.78602108551348,0.9178804271775152,IndianPines,PCA,8,mou,Corn-mintill,0.8002257336343115
IndianPines_PCA_8_hamida,97.12026552128076,0.9672566855231628,IndianPines,PCA,8,hamida,Corn-mintill,0.8977135980746089
IndianPines_PCA_8_li,97.39359625146427,0.9703704852790824,IndianPines,PCA,8,li,Corn-mintill,0.8990384615384616
IndianPines_PCA_8_paoletti,94.0550566185084,0.93238052453371,IndianPines,PCA,8,paoletti,Corn-mintill,0.779601406799531
IndianPines_FastICA_8_mou,88.80320187426787,0.8727241357481775,IndianPines,FastICA,8,mou,Corn-mintill,0.713697219361483
IndianPines_FastICA_8_hamida,96.8566966028895,0.9642573077941268,IndianPines,FastICA,8,hamida,Corn-mintill,0.8576555023923444
IndianPines_FastICA_8_li,97.06169465052714,0.9665812126559132,IndianPines,FastICA,8,li,Corn-mintill,0.8963855421686747
IndianPines_FastICA_8_paoletti,93.57672784068724,0.9269751546160928,IndianPines,FastICA,8,paoletti,Corn-mintill,0.8143507972665148
IndianPines_UMAP_8_mou,84.01991409605623,0.8181828334041815,IndianPines,UMAP,8,mou,Corn-mintill,0.5436893203883495
IndianPines_UMAP_8_hamida,96.19289340101524,0.9567506584678585,IndianPines,UMAP,8,hamida,Corn-mintill,0.8839712918660287
IndianPines_UMAP_8_li,97.13002733307302,0.9673679821115794,IndianPines,UMAP,8,li,Corn-mintill,0.8808664259927798
IndianPines_UMAP_8_paoletti,91.6536509176103,0.9050981710403004,IndianPines,UMAP,8,paoletti,Corn-mintill,0.7697594501718213
IndianPines_DiffMaps_8_mou,75.44904334244436,0.7175534318527652,IndianPines,DiffMaps,8,mou,Corn-mintill,0.21939275220372184
IndianPines_DiffMaps_8_hamida,85.75470777636842,0.8375970183875586,IndianPines,DiffMaps,8,hamida,Corn-mintill,0.618421052631579
IndianPines_DiffMaps_8_li,89.05259049663381,0.8750600233248391,IndianPines,DiffMaps,8,li,Corn-mintill,0.7142857142857143
IndianPines_DiffMaps_8_paoletti,76.25134159430188,0.7301167130154771,IndianPines,DiffMaps,8,paoletti,Corn-mintill,0.37129109863672816
IndianPines_SOM_8_mou,78.11493804273587,0.7502580390927936,IndianPines,SOM,8,mou,Corn-mintill,0.4230430958663149
IndianPines_SOM_8_hamida,91.11132793443262,0.89869331655254,IndianPines,SOM,8,hamida,Corn-mintill,0.7650397275822929
IndianPines_SOM_8_li,83.73499853644257,0.8142964496207955,IndianPines,SOM,8,li,Corn-mintill,0.6033300685602351
IndianPines_SOM_8_paoletti,84.35944970240999,0.8213412546375117,IndianPines,SOM,8,paoletti,Corn-mintill,0.5269526952695269
IndianPines_Corr_8_mou,76.02499023818821,0.7242782009130428,IndianPines,Corr,8,mou,Corn-mintill,0.3664825046040516
IndianPines_Corr_8_hamida,81.54041390082,0.7902187421344499,IndianPines,Corr,8,hamida,Corn-mintill,0.5349716446124764
IndianPines_Corr_8_li,74.41429129246389,0.7049177650578656,IndianPines,Corr,8,li,Corn-mintill,0.4447463768115942
IndianPines_Corr_8_paoletti,79.12924638812964,0.7606215634739103,IndianPines,Corr,8,paoletti,Corn-mintill,0.4442105263157895
IndianPines_Var_8_mou,76.14213197969544,0.72629081186898,IndianPines,Var,8,mou,Corn-mintill,0.3852385238523852
IndianPines_Var_8_hamida,80.0761421319797,0.7725674396478752,IndianPines,Var,8,hamida,Corn-mintill,0.5140997830802603
IndianPines_Var_8_li,87.9832096837173,0.8627414286537316,IndianPines,Var,8,li,Corn-mintill,0.7299435028248588
IndianPines_Var_8_paoletti,80.72042171026943,0.7806533474858448,IndianPines,Var,8,paoletti,Corn-mintill,0.5196629213483146
IndianPines_AE1_8_mou,84.7130027333073,0.8260823956249891,IndianPines,AE1,8,mou,Corn-mintill,0.563230605738576
IndianPines_AE1_8_hamida,86.63607965638423,0.8478585252816302,IndianPines,AE1,8,hamida,Corn-mintill,0.7417355371900827
IndianPines_AE1_8_li,93.73291682936352,0.9286493947372092,IndianPines,AE1,8,li,Corn-mintill,0.863582443653618
IndianPines_AE1_8_paoletti,82.35064427957829,0.7987855551485525,IndianPines,AE1,8,paoletti,Corn-mintill,0.6177908113391984
IndianPines_AE2_8_hamida,93.75244045294806,0.9291235010475488,IndianPines,AE2,8,hamida,Corn-mintill,0.8116591928251121
IndianPines_AE2_8_li,95.5778992581023,0.9497714870073356,IndianPines,AE2,8,li,Corn-mintill,0.8738095238095238
IndianPines_AE2_8_paoletti,83.25849277625927,0.8095285777929407,IndianPines,AE2,8,paoletti,Corn-mintill,0.46112600536193027
IndianPines_PCA_8_mou,92.78602108551348,0.9178804271775152,IndianPines,PCA,8,mou,Corn,0.8992248062015504
IndianPines_PCA_8_hamida,97.12026552128076,0.9672566855231628,IndianPines,PCA,8,hamida,Corn,0.9957983193277311
IndianPines_PCA_8_li,97.39359625146427,0.9703704852790824,IndianPines,PCA,8,li,Corn,1.0
IndianPines_PCA_8_paoletti,94.0550566185084,0.93238052453371,IndianPines,PCA,8,paoletti,Corn,0.9205020920502092
IndianPines_FastICA_8_mou,88.80320187426787,0.8727241357481775,IndianPines,FastICA,8,mou,Corn,0.6985815602836879
IndianPines_FastICA_8_hamida,96.8566966028895,0.9642573077941268,IndianPines,FastICA,8,hamida,Corn,0.9874476987447699
IndianPines_FastICA_8_li,97.06169465052714,0.9665812126559132,IndianPines,FastICA,8,li,Corn,1.0
IndianPines_FastICA_8_paoletti,93.57672784068724,0.9269751546160928,IndianPines,FastICA,8,paoletti,Corn,0.8669201520912547
IndianPines_UMAP_8_mou,84.01991409605623,0.8181828334041815,IndianPines,UMAP,8,mou,Corn,0.5918367346938775
IndianPines_UMAP_8_hamida,96.19289340101524,0.9567506584678585,IndianPines,UMAP,8,hamida,Corn,0.8257839721254355
IndianPines_UMAP_8_li,97.13002733307302,0.9673679821115794,IndianPines,UMAP,8,li,Corn,1.0
IndianPines_UMAP_8_paoletti,91.6536509176103,0.9050981710403004,IndianPines,UMAP,8,paoletti,Corn,0.79296875
IndianPines_DiffMaps_8_mou,75.44904334244436,0.7175534318527652,IndianPines,DiffMaps,8,mou,Corn,0.5925925925925926
IndianPines_DiffMaps_8_hamida,85.75470777636842,0.8375970183875586,IndianPines,DiffMaps,8,hamida,Corn,0.7818930041152263
IndianPines_DiffMaps_8_li,89.05259049663381,0.8750600233248391,IndianPines,DiffMaps,8,li,Corn,0.8507462686567164
IndianPines_DiffMaps_8_paoletti,76.25134159430188,0.7301167130154771,IndianPines,DiffMaps,8,paoletti,Corn,0.6523297491039427
IndianPines_SOM_8_mou,78.11493804273587,0.7502580390927936,IndianPines,SOM,8,mou,Corn,0.5609756097560976
IndianPines_SOM_8_hamida,91.11132793443262,0.89869331655254,IndianPines,SOM,8,hamida,Corn,0.8438661710037175
IndianPines_SOM_8_li,83.73499853644257,0.8142964496207955,IndianPines,SOM,8,li,Corn,0.7527675276752768
IndianPines_SOM_8_paoletti,84.35944970240999,0.8213412546375117,IndianPines,SOM,8,paoletti,Corn,0.6727272727272727
IndianPines_Corr_8_mou,76.02499023818821,0.7242782009130428,IndianPines,Corr,8,mou,Corn,0.6654804270462633
IndianPines_Corr_8_hamida,81.54041390082,0.7902187421344499,IndianPines,Corr,8,hamida,Corn,0.927710843373494
IndianPines_Corr_8_li,74.41429129246389,0.7049177650578656,IndianPines,Corr,8,li,Corn,0.7009966777408638
IndianPines_Corr_8_paoletti,79.12924638812964,0.7606215634739103,IndianPines,Corr,8,paoletti,Corn,0.7070063694267515
IndianPines_Var_8_mou,76.14213197969544,0.72629081186898,IndianPines,Var,8,mou,Corn,0.5107033639143731
IndianPines_Var_8_hamida,80.0761421319797,0.7725674396478752,IndianPines,Var,8,hamida,Corn,0.6367041198501873
IndianPines_Var_8_li,87.9832096837173,0.8627414286537316,IndianPines,Var,8,li,Corn,0.7807692307692308
IndianPines_Var_8_paoletti,80.72042171026943,0.7806533474858448,IndianPines,Var,8,paoletti,Corn,0.6273291925465838
IndianPines_AE1_8_mou,84.7130027333073,0.8260823956249891,IndianPines,AE1,8,mou,Corn,0.6816608996539792
IndianPines_AE1_8_hamida,86.63607965638423,0.8478585252816302,IndianPines,AE1,8,hamida,Corn,0.9094488188976378
IndianPines_AE1_8_li,93.73291682936352,0.9286493947372092,IndianPines,AE1,8,li,Corn,0.9493670886075949
IndianPines_AE1_8_paoletti,82.35064427957829,0.7987855551485525,IndianPines,AE1,8,paoletti,Corn,0.5472312703583062
IndianPines_AE2_8_hamida,93.75244045294806,0.9291235010475488,IndianPines,AE2,8,hamida,Corn,0.9583333333333334
IndianPines_AE2_8_li,95.5778992581023,0.9497714870073356,IndianPines,AE2,8,li,Corn,0.9789029535864979
IndianPines_AE2_8_paoletti,83.25849277625927,0.8095285777929407,IndianPines,AE2,8,paoletti,Corn,0.6029411764705882
IndianPines_PCA_8_mou,92.78602108551348,0.9178804271775152,IndianPines,PCA,8,mou,Grass-pasture,0.8985801217038539
IndianPines_PCA_8_hamida,97.12026552128076,0.9672566855231628,IndianPines,PCA,8,hamida,Grass-pasture,0.927536231884058
IndianPines_PCA_8_li,97.39359625146427,0.9703704852790824,IndianPines,PCA,8,li,Grass-pasture,0.9337474120082816
IndianPines_PCA_8_paoletti,94.0550566185084,0.93238052453371,IndianPines,PCA,8,paoletti,Grass-pasture,0.8785425101214575
IndianPines_FastICA_8_mou,88.80320187426787,0.8727241357481775,IndianPines,FastICA,8,mou,Grass-pasture,0.8618677042801557
IndianPines_FastICA_8_hamida,96.8566966028895,0.9642573077941268,IndianPines,FastICA,8,hamida,Grass-pasture,0.9358178053830227
IndianPines_FastICA_8_li,97.06169465052714,0.9665812126559132,IndianPines,FastICA,8,li,Grass-pasture,0.9358178053830227
IndianPines_FastICA_8_paoletti,93.57672784068724,0.9269751546160928,IndianPines,FastICA,8,paoletti,Grass-pasture,0.8467741935483871
IndianPines_UMAP_8_mou,84.01991409605623,0.8181828334041815,IndianPines,UMAP,8,mou,Grass-pasture,0.8036072144288577
IndianPines_UMAP_8_hamida,96.19289340101524,0.9567506584678585,IndianPines,UMAP,8,hamida,Grass-pasture,0.9337474120082816
IndianPines_UMAP_8_li,97.13002733307302,0.9673679821115794,IndianPines,UMAP,8,li,Grass-pasture,0.937888198757764
IndianPines_UMAP_8_paoletti,91.6536509176103,0.9050981710403004,IndianPines,UMAP,8,paoletti,Grass-pasture,0.8991769547325102
IndianPines_DiffMaps_8_mou,75.44904334244436,0.7175534318527652,IndianPines,DiffMaps,8,mou,Grass-pasture,0.6810035842293907
IndianPines_DiffMaps_8_hamida,85.75470777636842,0.8375970183875586,IndianPines,DiffMaps,8,hamida,Grass-pasture,0.796844181459566
IndianPines_DiffMaps_8_li,89.05259049663381,0.8750600233248391,IndianPines,DiffMaps,8,li,Grass-pasture,0.890495867768595
IndianPines_DiffMaps_8_paoletti,76.25134159430188,0.7301167130154771,IndianPines,DiffMaps,8,paoletti,Grass-pasture,0.6923076923076923
IndianPines_SOM_8_mou,78.11493804273587,0.7502580390927936,IndianPines,SOM,8,mou,Grass-pasture,0.748995983935743
IndianPines_SOM_8_hamida,91.11132793443262,0.89869331655254,IndianPines,SOM,8,hamida,Grass-pasture,0.8810483870967742
IndianPines_SOM_8_li,83.73499853644257,0.8142964496207955,IndianPines,SOM,8,li,Grass-pasture,0.8087954110898662
IndianPines_SOM_8_paoletti,84.35944970240999,0.8213412546375117,IndianPines,SOM,8,paoletti,Grass-pasture,0.7851851851851852
IndianPines_Corr_8_mou,76.02499023818821,0.7242782009130428,IndianPines,Corr,8,mou,Grass-pasture,0.8176691729323309
IndianPines_Corr_8_hamida,81.54041390082,0.7902187421344499,IndianPines,Corr,8,hamida,Grass-pasture,0.7319587628865979
IndianPines_Corr_8_li,74.41429129246389,0.7049177650578656,IndianPines,Corr,8,li,Grass-pasture,0.8964803312629399
IndianPines_Corr_8_paoletti,79.12924638812964,0.7606215634739103,IndianPines,Corr,8,paoletti,Grass-pasture,0.8735177865612648
IndianPines_Var_8_mou,76.14213197969544,0.72629081186898,IndianPines,Var,8,mou,Grass-pasture,0.8143712574850299
IndianPines_Var_8_hamida,80.0761421319797,0.7725674396478752,IndianPines,Var,8,hamida,Grass-pasture,0.8585461689587426
IndianPines_Var_8_li,87.9832096837173,0.8627414286537316,IndianPines,Var,8,li,Grass-pasture,0.9218106995884774
IndianPines_Var_8_paoletti,80.72042171026943,0.7806533474858448,IndianPines,Var,8,paoletti,Grass-pasture,0.8313253012048193
IndianPines_AE1_8_mou,84.7130027333073,0.8260823956249891,IndianPines,AE1,8,mou,Grass-pasture,0.7518115942028986
IndianPines_AE1_8_hamida,86.63607965638423,0.8478585252816302,IndianPines,AE1,8,hamida,Grass-pasture,0.4036885245901639
IndianPines_AE1_8_li,93.73291682936352,0.9286493947372092,IndianPines,AE1,8,li,Grass-pasture,0.6926229508196722
IndianPines_AE1_8_paoletti,82.35064427957829,0.7987855551485525,IndianPines,AE1,8,paoletti,Grass-pasture,0.7152542372881356
IndianPines_AE2_8_hamida,93.75244045294806,0.9291235010475488,IndianPines,AE2,8,hamida,Grass-pasture,0.8247232472324724
IndianPines_AE2_8_li,95.5778992581023,0.9497714870073356,IndianPines,AE2,8,li,Grass-pasture,0.898989898989899
IndianPines_AE2_8_paoletti,83.25849277625927,0.8095285777929407,IndianPines,AE2,8,paoletti,Grass-pasture,0.7439703153988868
IndianPines_PCA_8_mou,92.78602108551348,0.9178804271775152,IndianPines,PCA,8,mou,Grass-trees,0.9836512261580381
IndianPines_PCA_8_hamida,97.12026552128076,0.9672566855231628,IndianPines,PCA,8,hamida,Grass-trees,1.0
IndianPines_PCA_8_li,97.39359625146427,0.9703704852790824,IndianPines,PCA,8,li,Grass-trees,1.0
IndianPines_PCA_8_paoletti,94.0550566185084,0.93238052453371,IndianPines,PCA,8,paoletti,Grass-trees,0.9850340136054422
IndianPines_FastICA_8_mou,88.80320187426787,0.8727241357481775,IndianPines,FastICA,8,mou,Grass-trees,0.9416342412451362
IndianPines_FastICA_8_hamida,96.8566966028895,0.9642573077941268,IndianPines,FastICA,8,hamida,Grass-trees,0.989041095890411
IndianPines_FastICA_8_li,97.06169465052714,0.9665812126559132,IndianPines,FastICA,8,li,Grass-trees,0.9986301369863013
IndianPines_FastICA_8_paoletti,93.57672784068724,0.9269751546160928,IndianPines,FastICA,8,paoletti,Grass-trees,0.9931506849315068
IndianPines_UMAP_8_mou,84.01991409605623,0.8181828334041815,IndianPines,UMAP,8,mou,Grass-trees,0.903598971722365
IndianPines_UMAP_8_hamida,96.19289340101524,0.9567506584678585,IndianPines,UMAP,8,hamida,Grass-trees,0.9726027397260274
IndianPines_UMAP_8_li,97.13002733307302,0.9673679821115794,IndianPines,UMAP,8,li,Grass-trees,1.0
IndianPines_UMAP_8_paoletti,91.6536509176103,0.9050981710403004,IndianPines,UMAP,8,paoletti,Grass-trees,0.9686648501362398
IndianPines_DiffMaps_8_mou,75.44904334244436,0.7175534318527652,IndianPines,DiffMaps,8,mou,Grass-trees,0.9363636363636364
IndianPines_DiffMaps_8_hamida,85.75470777636842,0.8375970183875586,IndianPines,DiffMaps,8,hamida,Grass-trees,0.9321382842509603
IndianPines_DiffMaps_8_li,89.05259049663381,0.8750600233248391,IndianPines,DiffMaps,8,li,Grass-trees,0.9931972789115646
IndianPines_DiffMaps_8_paoletti,76.25134159430188,0.7301167130154771,IndianPines,DiffMaps,8,paoletti,Grass-trees,0.9665775401069518
IndianPines_SOM_8_mou,78.11493804273587,0.7502580390927936,IndianPines,SOM,8,mou,Grass-trees,0.8096385542168675
IndianPines_SOM_8_hamida,91.11132793443262,0.89869331655254,IndianPines,SOM,8,hamida,Grass-trees,0.9281129653401797
IndianPines_SOM_8_li,83.73499853644257,0.8142964496207955,IndianPines,SOM,8,li,Grass-trees,0.8735919899874843
IndianPines_SOM_8_paoletti,84.35944970240999,0.8213412546375117,IndianPines,SOM,8,paoletti,Grass-trees,0.8996138996138996
IndianPines_Corr_8_mou,76.02499023818821,0.7242782009130428,IndianPines,Corr,8,mou,Grass-trees,0.8830845771144279
IndianPines_Corr_8_hamida,81.54041390082,0.7902187421344499,IndianPines,Corr,8,hamida,Grass-trees,0.9532710280373832
IndianPines_Corr_8_li,74.41429129246389,0.7049177650578656,IndianPines,Corr,8,li,Grass-trees,0.9063324538258575
IndianPines_Corr_8_paoletti,79.12924638812964,0.7606215634739103,IndianPines,Corr,8,paoletti,Grass-trees,0.901863354037267
IndianPines_Var_8_mou,76.14213197969544,0.72629081186898,IndianPines,Var,8,mou,Grass-trees,0.9431664411366711
IndianPines_Var_8_hamida,80.0761421319797,0.7725674396478752,IndianPines,Var,8,hamida,Grass-trees,0.764163372859025
IndianPines_Var_8_li,87.9832096837173,0.8627414286537316,IndianPines,Var,8,li,Grass-trees,0.9591029023746702
IndianPines_Var_8_paoletti,80.72042171026943,0.7806533474858448,IndianPines,Var,8,paoletti,Grass-trees,0.9255874673629243
IndianPines_AE1_8_mou,84.7130027333073,0.8260823956249891,IndianPines,AE1,8,mou,Grass-trees,0.8980645161290323
IndianPines_AE1_8_hamida,86.63607965638423,0.8478585252816302,IndianPines,AE1,8,hamida,Grass-trees,0.8970398970398971
IndianPines_AE1_8_li,93.73291682936352,0.9286493947372092,IndianPines,AE1,8,li,Grass-trees,0.9327176781002638
IndianPines_AE1_8_paoletti,82.35064427957829,0.7987855551485525,IndianPines,AE1,8,paoletti,Grass-trees,0.8721518987341772
IndianPines_AE2_8_hamida,93.75244045294806,0.9291235010475488,IndianPines,AE2,8,hamida,Grass-trees,0.9703903095558546
IndianPines_AE2_8_li,95.5778992581023,0.9497714870073356,IndianPines,AE2,8,li,Grass-trees,0.9425444596443229
IndianPines_AE2_8_paoletti,83.25849277625927,0.8095285777929407,IndianPines,AE2,8,paoletti,Grass-trees,0.9265463917525774
IndianPines_PCA_8_mou,92.78602108551348,0.9178804271775152,IndianPines,PCA,8,mou,Grass-pasture-mowed,0.9642857142857143
IndianPines_PCA_8_hamida,97.12026552128076,0.9672566855231628,IndianPines,PCA,8,hamida,Grass-pasture-mowed,1.0
IndianPines_PCA_8_li,97.39359625146427,0.9703704852790824,IndianPines,PCA,8,li,Grass-pasture-mowed,1.0
IndianPines_PCA_8_paoletti,94.0550566185084,0.93238052453371,IndianPines,PCA,8,paoletti,Grass-pasture-mowed,0.9333333333333333
IndianPines_FastICA_8_mou,88.80320187426787,0.8727241357481775,IndianPines,FastICA,8,mou,Grass-pasture-mowed,0.8620689655172413
IndianPines_FastICA_8_hamida,96.8566966028895,0.9642573077941268,IndianPines,FastICA,8,hamida,Grass-pasture-mowed,1.0
IndianPines_FastICA_8_li,97.06169465052714,0.9665812126559132,IndianPines,FastICA,8,li,Grass-pasture-mowed,1.0
IndianPines_FastICA_8_paoletti,93.57672784068724,0.9269751546160928,IndianPines,FastICA,8,paoletti,Grass-pasture-mowed,0.9642857142857143
IndianPines_UMAP_8_mou,84.01991409605623,0.8181828334041815,IndianPines,UMAP,8,mou,Grass-pasture-mowed,0.5098039215686274
IndianPines_UMAP_8_hamida,96.19289340101524,0.9567506584678585,IndianPines,UMAP,8,hamida,Grass-pasture-mowed,1.0
IndianPines_UMAP_8_li,97.13002733307302,0.9673679821115794,IndianPines,UMAP,8,li,Grass-pasture-mowed,0.9655172413793104
IndianPines_UMAP_8_paoletti,91.6536509176103,0.9050981710403004,IndianPines,UMAP,8,paoletti,Grass-pasture-mowed,0.7714285714285715
IndianPines_DiffMaps_8_mou,75.44904334244436,0.7175534318527652,IndianPines,DiffMaps,8,mou,Grass-pasture-mowed,0.6829268292682927
IndianPines_DiffMaps_8_hamida,85.75470777636842,0.8375970183875586,IndianPines,DiffMaps,8,hamida,Grass-pasture-mowed,0.7941176470588235
IndianPines_DiffMaps_8_li,89.05259049663381,0.8750600233248391,IndianPines,DiffMaps,8,li,Grass-pasture-mowed,0.9333333333333333
IndianPines_DiffMaps_8_paoletti,76.25134159430188,0.7301167130154771,IndianPines,DiffMaps,8,paoletti,Grass-pasture-mowed,0.7586206896551724
IndianPines_SOM_8_mou,78.11493804273587,0.7502580390927936,IndianPines,SOM,8,mou,Grass-pasture-mowed,0.6829268292682927
IndianPines_SOM_8_hamida,91.11132793443262,0.89869331655254,IndianPines,SOM,8,hamida,Grass-pasture-mowed,0.8620689655172413
IndianPines_SOM_8_li,83.73499853644257,0.8142964496207955,IndianPines,SOM,8,li,Grass-pasture-mowed,0.9
IndianPines_SOM_8_paoletti,84.35944970240999,0.8213412546375117,IndianPines,SOM,8,paoletti,Grass-pasture-mowed,0.6216216216216216
IndianPines_Corr_8_mou,76.02499023818821,0.7242782009130428,IndianPines,Corr,8,mou,Grass-pasture-mowed,0.1724137931034483
IndianPines_Corr_8_hamida,81.54041390082,0.7902187421344499,IndianPines,Corr,8,hamida,Grass-pasture-mowed,0.8928571428571429
IndianPines_Corr_8_li,74.41429129246389,0.7049177650578656,IndianPines,Corr,8,li,Grass-pasture-mowed,0.8928571428571429
IndianPines_Corr_8_paoletti,79.12924638812964,0.7606215634739103,IndianPines,Corr,8,paoletti,Grass-pasture-mowed,0.6666666666666666
IndianPines_Var_8_mou,76.14213197969544,0.72629081186898,IndianPines,Var,8,mou,Grass-pasture-mowed,0.896551724137931
IndianPines_Var_8_hamida,80.0761421319797,0.7725674396478752,IndianPines,Var,8,hamida,Grass-pasture-mowed,0.9642857142857143
IndianPines_Var_8_li,87.9832096837173,0.8627414286537316,IndianPines,Var,8,li,Grass-pasture-mowed,0.9655172413793104
IndianPines_Var_8_paoletti,80.72042171026943,0.7806533474858448,IndianPines,Var,8,paoletti,Grass-pasture-mowed,0.8275862068965517
IndianPines_AE1_8_mou,84.7130027333073,0.8260823956249891,IndianPines,AE1,8,mou,Grass-pasture-mowed,0.9285714285714286
IndianPines_AE1_8_hamida,86.63607965638423,0.8478585252816302,IndianPines,AE1,8,hamida,Grass-pasture-mowed,1.0
IndianPines_AE1_8_li,93.73291682936352,0.9286493947372092,IndianPines,AE1,8,li,Grass-pasture-mowed,1.0
IndianPines_AE1_8_paoletti,82.35064427957829,0.7987855551485525,IndianPines,AE1,8,paoletti,Grass-pasture-mowed,0.625
IndianPines_AE2_8_hamida,93.75244045294806,0.9291235010475488,IndianPines,AE2,8,hamida,Grass-pasture-mowed,1.0
IndianPines_AE2_8_li,95.5778992581023,0.9497714870073356,IndianPines,AE2,8,li,Grass-pasture-mowed,1.0
IndianPines_AE2_8_paoletti,83.25849277625927,0.8095285777929407,IndianPines,AE2,8,paoletti,Grass-pasture-mowed,0.46875
IndianPines_PCA_8_mou,92.78602108551348,0.9178804271775152,IndianPines,PCA,8,mou,Hay-windrowed,0.9695740365111561
IndianPines_PCA_8_hamida,97.12026552128076,0.9672566855231628,IndianPines,PCA,8,hamida,Hay-windrowed,1.0
IndianPines_PCA_8_li,97.39359625146427,0.9703704852790824,IndianPines,PCA,8,li,Hay-windrowed,1.0
IndianPines_PCA_8_paoletti,94.0550566185084,0.93238052453371,IndianPines,PCA,8,paoletti,Hay-windrowed,0.9557344064386318
IndianPines_FastICA_8_mou,88.80320187426787,0.8727241357481775,IndianPines,FastICA,8,mou,Hay-windrowed,0.9693877551020408
IndianPines_FastICA_8_hamida,96.8566966028895,0.9642573077941268,IndianPines,FastICA,8,hamida,Hay-windrowed,1.0
IndianPines_FastICA_8_li,97.06169465052714,0.9665812126559132,IndianPines,FastICA,8,li,Hay-windrowed,1.0
IndianPines_FastICA_8_paoletti,93.57672784068724,0.9269751546160928,IndianPines,FastICA,8,paoletti,Hay-windrowed,0.989648033126294
IndianPines_UMAP_8_mou,84.01991409605623,0.8181828334041815,IndianPines,UMAP,8,mou,Hay-windrowed,0.9598393574297188
IndianPines_UMAP_8_hamida,96.19289340101524,0.9567506584678585,IndianPines,UMAP,8,hamida,Hay-windrowed,0.9937629937629938
IndianPines_UMAP_8_li,97.13002733307302,0.9673679821115794,IndianPines,UMAP,8,li,Hay-windrowed,1.0
IndianPines_UMAP_8_paoletti,91.6536509176103,0.9050981710403004,IndianPines,UMAP,8,paoletti,Hay-windrowed,0.9695121951219512
IndianPines_DiffMaps_8_mou,75.44904334244436,0.7175534318527652,IndianPines,DiffMaps,8,mou,Hay-windrowed,0.9611451942740287
IndianPines_DiffMaps_8_hamida,85.75470777636842,0.8375970183875586,IndianPines,DiffMaps,8,hamida,Hay-windrowed,0.9497991967871486
IndianPines_DiffMaps_8_li,89.05259049663381,0.8750600233248391,IndianPines,DiffMaps,8,li,Hay-windrowed,0.9540918163672655
IndianPines_DiffMaps_8_paoletti,76.25134159430188,0.7301167130154771,IndianPines,DiffMaps,8,paoletti,Hay-windrowed,0.9475806451612904
IndianPines_SOM_8_mou,78.11493804273587,0.7502580390927936,IndianPines,SOM,8,mou,Hay-windrowed,0.9665970772442589
IndianPines_SOM_8_hamida,91.11132793443262,0.89869331655254,IndianPines,SOM,8,hamida,Hay-windrowed,0.99581589958159
IndianPines_SOM_8_li,83.73499853644257,0.8142964496207955,IndianPines,SOM,8,li,Hay-windrowed,0.9916839916839917
IndianPines_SOM_8_paoletti,84.35944970240999,0.8213412546375117,IndianPines,SOM,8,paoletti,Hay-windrowed,0.9368836291913215
IndianPines_Corr_8_mou,76.02499023818821,0.7242782009130428,IndianPines,Corr,8,mou,Hay-windrowed,0.9463220675944334
IndianPines_Corr_8_hamida,81.54041390082,0.7902187421344499,IndianPines,Corr,8,hamida,Hay-windrowed,0.9676113360323887
IndianPines_Corr_8_li,74.41429129246389,0.7049177650578656,IndianPines,Corr,8,li,Hay-windrowed,0.9409448818897638
IndianPines_Corr_8_paoletti,79.12924638812964,0.7606215634739103,IndianPines,Corr,8,paoletti,Hay-windrowed,0.9478957915831663
IndianPines_Var_8_mou,76.14213197969544,0.72629081186898,IndianPines,Var,8,mou,Hay-windrowed,0.9875518672199171
IndianPines_Var_8_hamida,80.0761421319797,0.7725674396478752,IndianPines,Var,8,hamida,Hay-windrowed,0.991701244813278
IndianPines_Var_8_li,87.9832096837173,0.8627414286537316,IndianPines,Var,8,li,Hay-windrowed,0.9958333333333333
IndianPines_Var_8_paoletti,80.72042171026943,0.7806533474858448,IndianPines,Var,8,paoletti,Hay-windrowed,0.9937369519832986
IndianPines_AE1_8_mou,84.7130027333073,0.8260823956249891,IndianPines,AE1,8,mou,Hay-windrowed,0.9481037924151696
IndianPines_AE1_8_hamida,86.63607965638423,0.8478585252816302,IndianPines,AE1,8,hamida,Hay-windrowed,0.9058577405857741
IndianPines_AE1_8_li,93.73291682936352,0.9286493947372092,IndianPines,AE1,8,li,Hay-windrowed,0.9979123173277662
IndianPines_AE1_8_paoletti,82.35064427957829,0.7987855551485525,IndianPines,AE1,8,paoletti,Hay-windrowed,0.9417670682730924
IndianPines_AE2_8_hamida,93.75244045294806,0.9291235010475488,IndianPines,AE2,8,hamida,Hay-windrowed,0.9916492693110647
IndianPines_AE2_8_li,95.5778992581023,0.9497714870073356,IndianPines,AE2,8,li,Hay-windrowed,1.0
IndianPines_AE2_8_paoletti,83.25849277625927,0.8095285777929407,IndianPines,AE2,8,paoletti,Hay-windrowed,0.9254901960784314
IndianPines_PCA_8_mou,92.78602108551348,0.9178804271775152,IndianPines,PCA,8,mou,Oats,0.9
IndianPines_PCA_8_hamida,97.12026552128076,0.9672566855231628,IndianPines,PCA,8,hamida,Oats,1.0
IndianPines_PCA_8_li,97.39359625146427,0.9703704852790824,IndianPines,PCA,8,li,Oats,1.0
IndianPines_PCA_8_paoletti,94.0550566185084,0.93238052453371,IndianPines,PCA,8,paoletti,Oats,0.9
IndianPines_FastICA_8_mou,88.80320187426787,0.8727241357481775,IndianPines,FastICA,8,mou,Oats,0.8571428571428571
IndianPines_FastICA_8_hamida,96.8566966028895,0.9642573077941268,IndianPines,FastICA,8,hamida,Oats,1.0
IndianPines_FastICA_8_li,97.06169465052714,0.9665812126559132,IndianPines,FastICA,8,li,Oats,1.0
IndianPines_FastICA_8_paoletti,93.57672784068724,0.9269751546160928,IndianPines,FastICA,8,paoletti,Oats,0.8260869565217391
IndianPines_UMAP_8_mou,84.01991409605623,0.8181828334041815,IndianPines,UMAP,8,mou,Oats,0.4583333333333333
IndianPines_UMAP_8_hamida,96.19289340101524,0.9567506584678585,IndianPines,UMAP,8,hamida,Oats,1.0
IndianPines_UMAP_8_li,97.13002733307302,0.9673679821115794,IndianPines,UMAP,8,li,Oats,1.0
IndianPines_UMAP_8_paoletti,91.6536509176103,0.9050981710403004,IndianPines,UMAP,8,paoletti,Oats,0.8
IndianPines_DiffMaps_8_mou,75.44904334244436,0.7175534318527652,IndianPines,DiffMaps,8,mou,Oats,0.5217391304347826
IndianPines_DiffMaps_8_hamida,85.75470777636842,0.8375970183875586,IndianPines,DiffMaps,8,hamida,Oats,0.9
IndianPines_DiffMaps_8_li,89.05259049663381,0.8750600233248391,IndianPines,DiffMaps,8,li,Oats,1.0
IndianPines_DiffMaps_8_paoletti,76.25134159430188,0.7301167130154771,IndianPines,DiffMaps,8,paoletti,Oats,0.7307692307692307
IndianPines_SOM_8_mou,78.11493804273587,0.7502580390927936,IndianPines,SOM,8,mou,Oats,0.24
IndianPines_SOM_8_hamida,91.11132793443262,0.89869331655254,IndianPines,SOM,8,hamida,Oats,0.8
IndianPines_SOM_8_li,83.73499853644257,0.8142964496207955,IndianPines,SOM,8,li,Oats,0.8
IndianPines_SOM_8_paoletti,84.35944970240999,0.8213412546375117,IndianPines,SOM,8,paoletti,Oats,0.5454545454545454
IndianPines_Corr_8_mou,76.02499023818821,0.7242782009130428,IndianPines,Corr,8,mou,Oats,0.53125
IndianPines_Corr_8_hamida,81.54041390082,0.7902187421344499,IndianPines,Corr,8,hamida,Oats,1.0
IndianPines_Corr_8_li,74.41429129246389,0.7049177650578656,IndianPines,Corr,8,li,Oats,1.0
IndianPines_Corr_8_paoletti,79.12924638812964,0.7606215634739103,IndianPines,Corr,8,paoletti,Oats,0.5
IndianPines_Var_8_mou,76.14213197969544,0.72629081186898,IndianPines,Var,8,mou,Oats,0.75
IndianPines_Var_8_hamida,80.0761421319797,0.7725674396478752,IndianPines,Var,8,hamida,Oats,0.9047619047619048
IndianPines_Var_8_li,87.9832096837173,0.8627414286537316,IndianPines,Var,8,li,Oats,1.0
IndianPines_Var_8_paoletti,80.72042171026943,0.7806533474858448,IndianPines,Var,8,paoletti,Oats,0.8260869565217391
IndianPines_AE1_8_mou,84.7130027333073,0.8260823956249891,IndianPines,AE1,8,mou,Oats,0.6
IndianPines_AE1_8_hamida,86.63607965638423,0.8478585252816302,IndianPines,AE1,8,hamida,Oats,1.0
IndianPines_AE1_8_li,93.73291682936352,0.9286493947372092,IndianPines,AE1,8,li,Oats,1.0
IndianPines_AE1_8_paoletti,82.35064427957829,0.7987855551485525,IndianPines,AE1,8,paoletti,Oats,0.34375
IndianPines_AE2_8_hamida,93.75244045294806,0.9291235010475488,IndianPines,AE2,8,hamida,Oats,1.0
IndianPines_AE2_8_li,95.5778992581023,0.9497714870073356,IndianPines,AE2,8,li,Oats,1.0
IndianPines_AE2_8_paoletti,83.25849277625927,0.8095285777929407,IndianPines,AE2,8,paoletti,Oats,0.6071428571428571
IndianPines_PCA_8_mou,92.78602108551348,0.9178804271775152,IndianPines,PCA,8,mou,Soybean-notill,0.8442460317460317
IndianPines_PCA_8_hamida,97.12026552128076,0.9672566855231628,IndianPines,PCA,8,hamida,Soybean-notill,0.985655737704918
IndianPines_PCA_8_li,97.39359625146427,0.9703704852790824,IndianPines,PCA,8,li,Soybean-notill,0.993801652892562
IndianPines_PCA_8_paoletti,94.0550566185084,0.93238052453371,IndianPines,PCA,8,paoletti,Soybean-notill,0.8884578079534433
IndianPines_FastICA_8_mou,88.80320187426787,0.8727241357481775,IndianPines,FastICA,8,mou,Soybean-notill,0.7369942196531792
IndianPines_FastICA_8_hamida,96.8566966028895,0.9642573077941268,IndianPines,FastICA,8,hamida,Soybean-notill,0.9856262833675564
IndianPines_FastICA_8_li,97.06169465052714,0.9665812126559132,IndianPines,FastICA,8,li,Soybean-notill,0.9804526748971193
IndianPines_FastICA_8_paoletti,93.57672784068724,0.9269751546160928,IndianPines,FastICA,8,paoletti,Soybean-notill,0.8799603174603174
IndianPines_UMAP_8_mou,84.01991409605623,0.8181828334041815,IndianPines,UMAP,8,mou,Soybean-notill,0.718804920913884
IndianPines_UMAP_8_hamida,96.19289340101524,0.9567506584678585,IndianPines,UMAP,8,hamida,Soybean-notill,0.9835390946502057
IndianPines_UMAP_8_li,97.13002733307302,0.9673679821115794,IndianPines,UMAP,8,li,Soybean-notill,0.9786368260427264
IndianPines_UMAP_8_paoletti,91.6536509176103,0.9050981710403004,IndianPines,UMAP,8,paoletti,Soybean-notill,0.834942084942085
IndianPines_DiffMaps_8_mou,75.44904334244436,0.7175534318527652,IndianPines,DiffMaps,8,mou,Soybean-notill,0.5157894736842106
IndianPines_DiffMaps_8_hamida,85.75470777636842,0.8375970183875586,IndianPines,DiffMaps,8,hamida,Soybean-notill,0.7369385884509624
IndianPines_DiffMaps_8_li,89.05259049663381,0.8750600233248391,IndianPines,DiffMaps,8,li,Soybean-notill,0.707876370887338
IndianPines_DiffMaps_8_paoletti,76.25134159430188,0.7301167130154771,IndianPines,DiffMaps,8,paoletti,Soybean-notill,0.5151785714285714
IndianPines_SOM_8_mou,78.11493804273587,0.7502580390927936,IndianPines,SOM,8,mou,Soybean-notill,0.5019305019305019
IndianPines_SOM_8_hamida,91.11132793443262,0.89869331655254,IndianPines,SOM,8,hamida,Soybean-notill,0.8285976168652612
IndianPines_SOM_8_li,83.73499853644257,0.8142964496207955,IndianPines,SOM,8,li,Soybean-notill,0.588929219600726
IndianPines_SOM_8_paoletti,84.35944970240999,0.8213412546375117,IndianPines,SOM,8,paoletti,Soybean-notill,0.621962196219622
IndianPines_Corr_8_mou,76.02499023818821,0.7242782009130428,IndianPines,Corr,8,mou,Soybean-notill,0.4622980251346499
IndianPines_Corr_8_hamida,81.54041390082,0.7902187421344499,IndianPines,Corr,8,hamida,Soybean-notill,0.5937019969278033
IndianPines_Corr_8_li,74.41429129246389,0.7049177650578656,IndianPines,Corr,8,li,Soybean-notill,0.30318091451292245
IndianPines_Corr_8_paoletti,79.12924638812964,0.7606215634739103,IndianPines,Corr,8,paoletti,Soybean-notill,0.5611015490533563
IndianPines_Var_8_mou,76.14213197969544,0.72629081186898,IndianPines,Var,8,mou,Soybean-notill,0.3025732031943212
IndianPines_Var_8_hamida,80.0761421319797,0.7725674396478752,IndianPines,Var,8,hamida,Soybean-notill,0.5268817204301075
IndianPines_Var_8_li,87.9832096837173,0.8627414286537316,IndianPines,Var,8,li,Soybean-notill,0.6115241635687733
IndianPines_Var_8_paoletti,80.72042171026943,0.7806533474858448,IndianPines,Var,8,paoletti,Soybean-notill,0.46901300688599845
IndianPines_AE1_8_mou,84.7130027333073,0.8260823956249891,IndianPines,AE1,8,mou,Soybean-notill,0.7229669347631814
IndianPines_AE1_8_hamida,86.63607965638423,0.8478585252816302,IndianPines,AE1,8,hamida,Soybean-notill,0.8508341511285574
IndianPines_AE1_8_li,93.73291682936352,0.9286493947372092,IndianPines,AE1,8,li,Soybean-notill,0.941351888667992
IndianPines_AE1_8_paoletti,82.35064427957829,0.7987855551485525,IndianPines,AE1,8,paoletti,Soybean-notill,0.6681985294117647
IndianPines_AE2_8_hamida,93.75244045294806,0.9291235010475488,IndianPines,AE2,8,hamida,Soybean-notill,0.9336633663366337
IndianPines_AE2_8_li,95.5778992581023,0.9497714870073356,IndianPines,AE2,8,li,Soybean-notill,0.9543197616683218
IndianPines_AE2_8_paoletti,83.25849277625927,0.8095285777929407,IndianPines,AE2,8,paoletti,Soybean-notill,0.7090163934426229
IndianPines_PCA_8_mou,92.78602108551348,0.9178804271775152,IndianPines,PCA,8,mou,Soybean-mintill,0.8697638994668697
IndianPines_PCA_8_hamida,97.12026552128076,0.9672566855231628,IndianPines,PCA,8,hamida,Soybean-mintill,0.9691307879772543
IndianPines_PCA_8_li,97.39359625146427,0.9703704852790824,IndianPines,PCA,8,li,Soybean-mintill,0.9723014256619145
IndianPines_PCA_8_paoletti,94.0550566185084,0.93238052453371,IndianPines,PCA,8,paoletti,Soybean-mintill,0.9134729355985777
IndianPines_FastICA_8_mou,88.80320187426787,0.8727241357481775,IndianPines,FastICA,8,mou,Soybean-mintill,0.834358186010761
IndianPines_FastICA_8_hamida,96.8566966028895,0.9642573077941268,IndianPines,FastICA,8,hamida,Soybean-mintill,0.9652244237767893
IndianPines_FastICA_8_li,97.06169465052714,0.9665812126559132,IndianPines,FastICA,8,li,Soybean-mintill,0.9578820697954272
IndianPines_FastICA_8_paoletti,93.57672784068724,0.9269751546160928,IndianPines,FastICA,8,paoletti,Soybean-mintill,0.8984771573604061
IndianPines_UMAP_8_mou,84.01991409605623,0.8181828334041815,IndianPines,UMAP,8,mou,Soybean-mintill,0.757076316732354
IndianPines_UMAP_8_hamida,96.19289340101524,0.9567506584678585,IndianPines,UMAP,8,hamida,Soybean-mintill,0.9659781287970839
IndianPines_UMAP_8_li,97.13002733307302,0.9673679821115794,IndianPines,UMAP,8,li,Soybean-mintill,0.9680032401782098
IndianPines_UMAP_8_paoletti,91.6536509176103,0.9050981710403004,IndianPines,UMAP,8,paoletti,Soybean-mintill,0.8744672607516466
IndianPines_DiffMaps_8_mou,75.44904334244436,0.7175534318527652,IndianPines,DiffMaps,8,mou,Soybean-mintill,0.6234939759036144
IndianPines_DiffMaps_8_hamida,85.75470777636842,0.8375970183875586,IndianPines,DiffMaps,8,hamida,Soybean-mintill,0.7662002945508101
IndianPines_DiffMaps_8_li,89.05259049663381,0.8750600233248391,IndianPines,DiffMaps,8,li,Soybean-mintill,0.7977567472835612
IndianPines_DiffMaps_8_paoletti,76.25134159430188,0.7301167130154771,IndianPines,DiffMaps,8,paoletti,Soybean-mintill,0.6094014203584714
IndianPines_SOM_8_mou,78.11493804273587,0.7502580390927936,IndianPines,SOM,8,mou,Soybean-mintill,0.6460692332578454
IndianPines_SOM_8_hamida,91.11132793443262,0.89869331655254,IndianPines,SOM,8,hamida,Soybean-mintill,0.8286334056399133
IndianPines_SOM_8_li,83.73499853644257,0.8142964496207955,IndianPines,SOM,8,li,Soybean-mintill,0.7038995373430271
IndianPines_SOM_8_paoletti,84.35944970240999,0.8213412546375117,IndianPines,SOM,8,paoletti,Soybean-mintill,0.7386325362074773
IndianPines_Corr_8_mou,76.02499023818821,0.7242782009130428,IndianPines,Corr,8,mou,Soybean-mintill,0.5945868125539879
IndianPines_Corr_8_hamida,81.54041390082,0.7902187421344499,IndianPines,Corr,8,hamida,Soybean-mintill,0.6239107703032416
IndianPines_Corr_8_li,74.41429129246389,0.7049177650578656,IndianPines,Corr,8,li,Soybean-mintill,0.5406546990496304
IndianPines_Corr_8_paoletti,79.12924638812964,0.7606215634739103,IndianPines,Corr,8,paoletti,Soybean-mintill,0.6283502084574152
IndianPines_Var_8_mou,76.14213197969544,0.72629081186898,IndianPines,Var,8,mou,Soybean-mintill,0.5882697947214076
IndianPines_Var_8_hamida,80.0761421319797,0.7725674396478752,IndianPines,Var,8,hamida,Soybean-mintill,0.6919959473150963
IndianPines_Var_8_li,87.9832096837173,0.8627414286537316,IndianPines,Var,8,li,Soybean-mintill,0.7644656228727025
IndianPines_Var_8_paoletti,80.72042171026943,0.7806533474858448,IndianPines,Var,8,paoletti,Soybean-mintill,0.6707152496626181
IndianPines_AE1_8_mou,84.7130027333073,0.8260823956249891,IndianPines,AE1,8,mou,Soybean-mintill,0.7871953437613678
IndianPines_AE1_8_hamida,86.63607965638423,0.8478585252816302,IndianPines,AE1,8,hamida,Soybean-mintill,0.8312985571587126
IndianPines_AE1_8_li,93.73291682936352,0.9286493947372092,IndianPines,AE1,8,li,Soybean-mintill,0.9311031461569096
IndianPines_AE1_8_paoletti,82.35064427957829,0.7987855551485525,IndianPines,AE1,8,paoletti,Soybean-mintill,0.7672890733056709
IndianPines_AE2_8_hamida,93.75244045294806,0.9291235010475488,IndianPines,AE2,8,hamida,Soybean-mintill,0.9047234557932984
IndianPines_AE2_8_li,95.5778992581023,0.9497714870073356,IndianPines,AE2,8,li,Soybean-mintill,0.9458909682668837
IndianPines_AE2_8_paoletti,83.25849277625927,0.8095285777929407,IndianPines,AE2,8,paoletti,Soybean-mintill,0.7629952744456562
IndianPines_PCA_8_mou,92.78602108551348,0.9178804271775152,IndianPines,PCA,8,mou,Soybean-clean,0.8272583201267829
IndianPines_PCA_8_hamida,97.12026552128076,0.9672566855231628,IndianPines,PCA,8,hamida,Soybean-clean,0.9832214765100671
IndianPines_PCA_8_li,97.39359625146427,0.9703704852790824,IndianPines,PCA,8,li,Soybean-clean,0.9848993288590604
IndianPines_PCA_8_paoletti,94.0550566185084,0.93238052453371,IndianPines,PCA,8,paoletti,Soybean-clean,0.8911671924290221
IndianPines_FastICA_8_mou,88.80320187426787,0.8727241357481775,IndianPines,FastICA,8,mou,Soybean-clean,0.7057057057057057
IndianPines_FastICA_8_hamida,96.8566966028895,0.9642573077941268,IndianPines,FastICA,8,hamida,Soybean-clean,0.9700996677740864
IndianPines_FastICA_8_li,97.06169465052714,0.9665812126559132,IndianPines,FastICA,8,li,Soybean-clean,0.9848993288590604
IndianPines_FastICA_8_paoletti,93.57672784068724,0.9269751546160928,IndianPines,FastICA,8,paoletti,Soybean-clean,0.884493670886076
IndianPines_UMAP_8_mou,84.01991409605623,0.8181828334041815,IndianPines,UMAP,8,mou,Soybean-clean,0.6221928665785997
IndianPines_UMAP_8_hamida,96.19289340101524,0.9567506584678585,IndianPines,UMAP,8,hamida,Soybean-clean,0.9602649006622517
IndianPines_UMAP_8_li,97.13002733307302,0.9673679821115794,IndianPines,UMAP,8,li,Soybean-clean,0.9748322147651006
IndianPines_UMAP_8_paoletti,91.6536509176103,0.9050981710403004,IndianPines,UMAP,8,paoletti,Soybean-clean,0.770893371757925
IndianPines_DiffMaps_8_mou,75.44904334244436,0.7175534318527652,IndianPines,DiffMaps,8,mou,Soybean-clean,0.3324175824175824
IndianPines_DiffMaps_8_hamida,85.75470777636842,0.8375970183875586,IndianPines,DiffMaps,8,hamida,Soybean-clean,0.5765625
IndianPines_DiffMaps_8_li,89.05259049663381,0.8750600233248391,IndianPines,DiffMaps,8,li,Soybean-clean,0.748641304347826
IndianPines_DiffMaps_8_paoletti,76.25134159430188,0.7301167130154771,IndianPines,DiffMaps,8,paoletti,Soybean-clean,0.4342273307790549
IndianPines_SOM_8_mou,78.11493804273587,0.7502580390927936,IndianPines,SOM,8,mou,Soybean-clean,0.48356164383561645
IndianPines_SOM_8_hamida,91.11132793443262,0.89869331655254,IndianPines,SOM,8,hamida,Soybean-clean,0.8818635607321131
IndianPines_SOM_8_li,83.73499853644257,0.8142964496207955,IndianPines,SOM,8,li,Soybean-clean,0.6497093023255814
IndianPines_SOM_8_paoletti,84.35944970240999,0.8213412546375117,IndianPines,SOM,8,paoletti,Soybean-clean,0.6461538461538462
IndianPines_Corr_8_mou,76.02499023818821,0.7242782009130428,IndianPines,Corr,8,mou,Soybean-clean,0.3895939086294416
IndianPines_Corr_8_hamida,81.54041390082,0.7902187421344499,IndianPines,Corr,8,hamida,Soybean-clean,0.5703245749613601
IndianPines_Corr_8_li,74.41429129246389,0.7049177650578656,IndianPines,Corr,8,li,Soybean-clean,0.4790764790764791
IndianPines_Corr_8_paoletti,79.12924638812964,0.7606215634739103,IndianPines,Corr,8,paoletti,Soybean-clean,0.4825
IndianPines_Var_8_mou,76.14213197969544,0.72629081186898,IndianPines,Var,8,mou,Soybean-clean,0.5486486486486486
IndianPines_Var_8_hamida,80.0761421319797,0.7725674396478752,IndianPines,Var,8,hamida,Soybean-clean,0.538135593220339
IndianPines_Var_8_li,87.9832096837173,0.8627414286537316,IndianPines,Var,8,li,Soybean-clean,0.7560627674750356
IndianPines_Var_8_paoletti,80.72042171026943,0.7806533474858448,IndianPines,Var,8,paoletti,Soybean-clean,0.5878284923928078
IndianPines_AE1_8_mou,84.7130027333073,0.8260823956249891,IndianPines,AE1,8,mou,Soybean-clean,0.5581699346405229
IndianPines_AE1_8_hamida,86.63607965638423,0.8478585252816302,IndianPines,AE1,8,hamida,Soybean-clean,0.7055771725032426
IndianPines_AE1_8_li,93.73291682936352,0.9286493947372092,IndianPines,AE1,8,li,Soybean-clean,0.9194847020933977
IndianPines_AE1_8_paoletti,82.35064427957829,0.7987855551485525,IndianPines,AE1,8,paoletti,Soybean-clean,0.5113065326633166
IndianPines_AE2_8_hamida,93.75244045294806,0.9291235010475488,IndianPines,AE2,8,hamida,Soybean-clean,0.8861788617886179
IndianPines_AE2_8_li,95.5778992581023,0.9497714870073356,IndianPines,AE2,8,li,Soybean-clean,0.96
IndianPines_AE2_8_paoletti,83.25849277625927,0.8095285777929407,IndianPines,AE2,8,paoletti,Soybean-clean,0.5179340028694405
IndianPines_PCA_8_mou,92.78602108551348,0.9178804271775152,IndianPines,PCA,8,mou,Wheat,1.0
IndianPines_PCA_8_hamida,97.12026552128076,0.9672566855231628,IndianPines,PCA,8,hamida,Wheat,1.0
IndianPines_PCA_8_li,97.39359625146427,0.9703704852790824,IndianPines,PCA,8,li,Wheat,1.0
IndianPines_PCA_8_paoletti,94.0550566185084,0.93238052453371,IndianPines,PCA,8,paoletti,Wheat,1.0
IndianPines_FastICA_8_mou,88.80320187426787,0.8727241357481775,IndianPines,FastICA,8,mou,Wheat,0.9758454106280193
IndianPines_FastICA_8_hamida,96.8566966028895,0.9642573077941268,IndianPines,FastICA,8,hamida,Wheat,1.0
IndianPines_FastICA_8_li,97.06169465052714,0.9665812126559132,IndianPines,FastICA,8,li,Wheat,1.0
IndianPines_FastICA_8_paoletti,93.57672784068724,0.9269751546160928,IndianPines,FastICA,8,paoletti,Wheat,1.0
IndianPines_UMAP_8_mou,84.01991409605623,0.8181828334041815,IndianPines,UMAP,8,mou,Wheat,0.8786407766990292
IndianPines_UMAP_8_hamida,96.19289340101524,0.9567506584678585,IndianPines,UMAP,8,hamida,Wheat,0.975609756097561
IndianPines_UMAP_8_li,97.13002733307302,0.9673679821115794,IndianPines,UMAP,8,li,Wheat,1.0
IndianPines_UMAP_8_paoletti,91.6536509176103,0.9050981710403004,IndianPines,UMAP,8,paoletti,Wheat,0.970873786407767
IndianPines_DiffMaps_8_mou,75.44904334244436,0.7175534318527652,IndianPines,DiffMaps,8,mou,Wheat,0.9468599033816425
IndianPines_DiffMaps_8_hamida,85.75470777636842,0.8375970183875586,IndianPines,DiffMaps,8,hamida,Wheat,0.9951219512195122
IndianPines_DiffMaps_8_li,89.05259049663381,0.8750600233248391,IndianPines,DiffMaps,8,li,Wheat,1.0
IndianPines_DiffMaps_8_paoletti,76.25134159430188,0.7301167130154771,IndianPines,DiffMaps,8,paoletti,Wheat,0.9902439024390244
IndianPines_SOM_8_mou,78.11493804273587,0.7502580390927936,IndianPines,SOM,8,mou,Wheat,0.8898678414096917
IndianPines_SOM_8_hamida,91.11132793443262,0.89869331655254,IndianPines,SOM,8,hamida,Wheat,0.9902439024390244
IndianPines_SOM_8_li,83.73499853644257,0.8142964496207955,IndianPines,SOM,8,li,Wheat,0.9320388349514563
IndianPines_SOM_8_paoletti,84.35944970240999,0.8213412546375117,IndianPines,SOM,8,paoletti,Wheat,0.9569377990430622
IndianPines_Corr_8_mou,76.02499023818821,0.7242782009130428,IndianPines,Corr,8,mou,Wheat,0.9902912621359223
IndianPines_Corr_8_hamida,81.54041390082,0.7902187421344499,IndianPines,Corr,8,hamida,Wheat,0.9951219512195122
IndianPines_Corr_8_li,74.41429129246389,0.7049177650578656,IndianPines,Corr,8,li,Wheat,0.9853658536585366
IndianPines_Corr_8_paoletti,79.12924638812964,0.7606215634739103,IndianPines,Corr,8,paoletti,Wheat,0.9902912621359223
IndianPines_Var_8_mou,76.14213197969544,0.72629081186898,IndianPines,Var,8,mou,Wheat,0.9054054054054054
IndianPines_Var_8_hamida,80.0761421319797,0.7725674396478752,IndianPines,Var,8,hamida,Wheat,0.5619834710743802
IndianPines_Var_8_li,87.9832096837173,0.8627414286537316,IndianPines,Var,8,li,Wheat,0.9230769230769231
IndianPines_Var_8_paoletti,80.72042171026943,0.7806533474858448,IndianPines,Var,8,paoletti,Wheat,0.8744186046511628
IndianPines_AE1_8_mou,84.7130027333073,0.8260823956249891,IndianPines,AE1,8,mou,Wheat,0.9488372093023256
IndianPines_AE1_8_hamida,86.63607965638423,0.8478585252816302,IndianPines,AE1,8,hamida,Wheat,0.9715639810426541
IndianPines_AE1_8_li,93.73291682936352,0.9286493947372092,IndianPines,AE1,8,li,Wheat,1.0
IndianPines_AE1_8_paoletti,82.35064427957829,0.7987855551485525,IndianPines,AE1,8,paoletti,Wheat,0.9715639810426541
IndianPines_AE2_8_hamida,93.75244045294806,0.9291235010475488,IndianPines,AE2,8,hamida,Wheat,0.9951219512195122
IndianPines_AE2_8_li,95.5778992581023,0.9497714870073356,IndianPines,AE2,8,li,Wheat,0.9951456310679612
IndianPines_AE2_8_paoletti,83.25849277625927,0.8095285777929407,IndianPines,AE2,8,paoletti,Wheat,0.9660194174757282
IndianPines_PCA_8_mou,92.78602108551348,0.9178804271775152,IndianPines,PCA,8,mou,Woods,0.9828125
IndianPines_PCA_8_hamida,97.12026552128076,0.9672566855231628,IndianPines,PCA,8,hamida,Woods,0.9836702954898912
IndianPines_PCA_8_li,97.39359625146427,0.9703704852790824,IndianPines,PCA,8,li,Woods,0.9968479117415288
IndianPines_PCA_8_paoletti,94.0550566185084,0.93238052453371,IndianPines,PCA,8,paoletti,Woods,0.9828526890101325
IndianPines_FastICA_8_mou,88.80320187426787,0.8727241357481775,IndianPines,FastICA,8,mou,Woods,0.9675675675675676
IndianPines_FastICA_8_hamida,96.8566966028895,0.9642573077941268,IndianPines,FastICA,8,hamida,Woods,0.9968479117415288
IndianPines_FastICA_8_li,97.06169465052714,0.9665812126559132,IndianPines,FastICA,8,li,Woods,0.9976340694006309
IndianPines_FastICA_8_paoletti,93.57672784068724,0.9269751546160928,IndianPines,FastICA,8,paoletti,Woods,0.9575617283950617
IndianPines_UMAP_8_mou,84.01991409605623,0.8181828334041815,IndianPines,UMAP,8,mou,Woods,0.962336664104535
IndianPines_UMAP_8_hamida,96.19289340101524,0.9567506584678585,IndianPines,UMAP,8,hamida,Woods,0.9865718799368088
IndianPines_UMAP_8_li,97.13002733307302,0.9673679821115794,IndianPines,UMAP,8,li,Woods,0.9992101105845181
IndianPines_UMAP_8_paoletti,91.6536509176103,0.9050981710403004,IndianPines,UMAP,8,paoletti,Woods,0.9905808477237049
IndianPines_DiffMaps_8_mou,75.44904334244436,0.7175534318527652,IndianPines,DiffMaps,8,mou,Woods,0.8810408921933085
IndianPines_DiffMaps_8_hamida,85.75470777636842,0.8375970183875586,IndianPines,DiffMaps,8,hamida,Woods,0.9313725490196079
IndianPines_DiffMaps_8_li,89.05259049663381,0.8750600233248391,IndianPines,DiffMaps,8,li,Woods,0.9760432766615147
IndianPines_DiffMaps_8_paoletti,76.25134159430188,0.7301167130154771,IndianPines,DiffMaps,8,paoletti,Woods,0.8853211009174312
IndianPines_SOM_8_mou,78.11493804273587,0.7502580390927936,IndianPines,SOM,8,mou,Woods,0.9410876132930514
IndianPines_SOM_8_hamida,91.11132793443262,0.89869331655254,IndianPines,SOM,8,hamida,Woods,0.9772905246671887
IndianPines_SOM_8_li,83.73499853644257,0.8142964496207955,IndianPines,SOM,8,li,Woods,0.8979744936234059
IndianPines_SOM_8_paoletti,84.35944970240999,0.8213412546375117,IndianPines,SOM,8,paoletti,Woods,0.9375487900078064
IndianPines_Corr_8_mou,76.02499023818821,0.7242782009130428,IndianPines,Corr,8,mou,Woods,0.9565217391304348
IndianPines_Corr_8_hamida,81.54041390082,0.7902187421344499,IndianPines,Corr,8,hamida,Woods,0.9058908045977011
IndianPines_Corr_8_li,74.41429129246389,0.7049177650578656,IndianPines,Corr,8,li,Woods,0.945583596214511
IndianPines_Corr_8_paoletti,79.12924638812964,0.7606215634739103,IndianPines,Corr,8,paoletti,Woods,0.9476876421531463
IndianPines_Var_8_mou,76.14213197969544,0.72629081186898,IndianPines,Var,8,mou,Woods,0.954510993176649
IndianPines_Var_8_hamida,80.0761421319797,0.7725674396478752,IndianPines,Var,8,hamida,Woods,0.9564541213063764
IndianPines_Var_8_li,87.9832096837173,0.8627414286537316,IndianPines,Var,8,li,Woods,0.9836448598130841
IndianPines_Var_8_paoletti,80.72042171026943,0.7806533474858448,IndianPines,Var,8,paoletti,Woods,0.9647239263803681
IndianPines_AE1_8_mou,84.7130027333073,0.8260823956249891,IndianPines,AE1,8,mou,Woods,0.9240898528272656
IndianPines_AE1_8_hamida,86.63607965638423,0.8478585252816302,IndianPines,AE1,8,hamida,Woods,0.8052869116698904
IndianPines_AE1_8_li,93.73291682936352,0.9286493947372092,IndianPines,AE1,8,li,Woods,0.8798882681564246
IndianPines_AE1_8_paoletti,82.35064427957829,0.7987855551485525,IndianPines,AE1,8,paoletti,Woods,0.8504398826979472
IndianPines_AE2_8_hamida,93.75244045294806,0.9291235010475488,IndianPines,AE2,8,hamida,Woods,0.9372056514913658
IndianPines_AE2_8_li,95.5778992581023,0.9497714870073356,IndianPines,AE2,8,li,Woods,0.9750390015600624
IndianPines_AE2_8_paoletti,83.25849277625927,0.8095285777929407,IndianPines,AE2,8,paoletti,Woods,0.9264036418816388
IndianPines_PCA_8_mou,92.78602108551348,0.9178804271775152,IndianPines,PCA,8,mou,Buildings-Grass-Trees-Drives,0.764102564102564
IndianPines_PCA_8_hamida,97.12026552128076,0.9672566855231628,IndianPines,PCA,8,hamida,Buildings-Grass-Trees-Drives,0.772020725388601
IndianPines_PCA_8_li,97.39359625146427,0.9703704852790824,IndianPines,PCA,8,li,Buildings-Grass-Trees-Drives,0.8082901554404145
IndianPines_PCA_8_paoletti,94.0550566185084,0.93238052453371,IndianPines,PCA,8,paoletti,Buildings-Grass-Trees-Drives,0.7653061224489796
IndianPines_FastICA_8_mou,88.80320187426787,0.8727241357481775,IndianPines,FastICA,8,mou,Buildings-Grass-Trees-Drives,0.6307692307692307
IndianPines_FastICA_8_hamida,96.8566966028895,0.9642573077941268,IndianPines,FastICA,8,hamida,Buildings-Grass-Trees-Drives,0.7893401015228426
IndianPines_FastICA_8_li,97.06169465052714,0.9665812126559132,IndianPines,FastICA,8,li,Buildings-Grass-Trees-Drives,0.810880829015544
IndianPines_FastICA_8_paoletti,93.57672784068724,0.9269751546160928,IndianPines,FastICA,8,paoletti,Buildings-Grass-Trees-Drives,0.7635467980295566
IndianPines_UMAP_8_mou,84.01991409605623,0.8181828334041815,IndianPines,UMAP,8,mou,Buildings-Grass-Trees-Drives,0.5714285714285714
IndianPines_UMAP_8_hamida,96.19289340101524,0.9567506584678585,IndianPines,UMAP,8,hamida,Buildings-Grass-Trees-Drives,0.7370892018779343
IndianPines_UMAP_8_li,97.13002733307302,0.9673679821115794,IndianPines,UMAP,8,li,Buildings-Grass-Trees-Drives,0.8025641025641026
IndianPines_UMAP_8_paoletti,91.6536509176103,0.9050981710403004,IndianPines,UMAP,8,paoletti,Buildings-Grass-Trees-Drives,0.7358024691358025
IndianPines_DiffMaps_8_mou,75.44904334244436,0.7175534318527652,IndianPines,DiffMaps,8,mou,Buildings-Grass-Trees-Drives,0.6343825665859564
IndianPines_DiffMaps_8_hamida,85.75470777636842,0.8375970183875586,IndianPines,DiffMaps,8,hamida,Buildings-Grass-Trees-Drives,0.635678391959799
IndianPines_DiffMaps_8_li,89.05259049663381,0.8750600233248391,IndianPines,DiffMaps,8,li,Buildings-Grass-Trees-Drives,0.7751937984496124
IndianPines_DiffMaps_8_paoletti,76.25134159430188,0.7301167130154771,IndianPines,DiffMaps,8,paoletti,Buildings-Grass-Trees-Drives,0.6994949494949495
IndianPines_SOM_8_mou,78.11493804273587,0.7502580390927936,IndianPines,SOM,8,mou,Buildings-Grass-Trees-Drives,0.6100478468899522
IndianPines_SOM_8_hamida,91.11132793443262,0.89869331655254,IndianPines,SOM,8,hamida,Buildings-Grass-Trees-Drives,0.6911392405063291
IndianPines_SOM_8_li,83.73499853644257,0.8142964496207955,IndianPines,SOM,8,li,Buildings-Grass-Trees-Drives,0.5976744186046512
IndianPines_SOM_8_paoletti,84.35944970240999,0.8213412546375117,IndianPines,SOM,8,paoletti,Buildings-Grass-Trees-Drives,0.6363636363636364
IndianPines_Corr_8_mou,76.02499023818821,0.7242782009130428,IndianPines,Corr,8,mou,Buildings-Grass-Trees-Drives,0.5318066157760815
IndianPines_Corr_8_hamida,81.54041390082,0.7902187421344499,IndianPines,Corr,8,hamida,Buildings-Grass-Trees-Drives,0.6666666666666666
IndianPines_Corr_8_li,74.41429129246389,0.7049177650578656,IndianPines,Corr,8,li,Buildings-Grass-Trees-Drives,0.5853174603174603
IndianPines_Corr_8_paoletti,79.12924638812964,0.7606215634739103,IndianPines,Corr,8,paoletti,Buildings-Grass-Trees-Drives,0.519280205655527
IndianPines_Var_8_mou,76.14213197969544,0.72629081186898,IndianPines,Var,8,mou,Buildings-Grass-Trees-Drives,0.7
IndianPines_Var_8_hamida,80.0761421319797,0.7725674396478752,IndianPines,Var,8,hamida,Buildings-Grass-Trees-Drives,0.6354679802955665
IndianPines_Var_8_li,87.9832096837173,0.8627414286537316,IndianPines,Var,8,li,Buildings-Grass-Trees-Drives,0.7396907216494846
IndianPines_Var_8_paoletti,80.72042171026943,0.7806533474858448,IndianPines,Var,8,paoletti,Buildings-Grass-Trees-Drives,0.6982543640897756
IndianPines_AE1_8_mou,84.7130027333073,0.8260823956249891,IndianPines,AE1,8,mou,Buildings-Grass-Trees-Drives,0.6281179138321995
IndianPines_AE1_8_hamida,86.63607965638423,0.8478585252816302,IndianPines,AE1,8,hamida,Buildings-Grass-Trees-Drives,0.5566037735849056
IndianPines_AE1_8_li,93.73291682936352,0.9286493947372092,IndianPines,AE1,8,li,Buildings-Grass-Trees-Drives,0.6361323155216285
IndianPines_AE1_8_paoletti,82.35064427957829,0.7987855551485525,IndianPines,AE1,8,paoletti,Buildings-Grass-Trees-Drives,0.4523809523809524
IndianPines_AE2_8_hamida,93.75244045294806,0.9291235010475488,IndianPines,AE2,8,hamida,Buildings-Grass-Trees-Drives,0.7395577395577395
IndianPines_AE2_8_li,95.5778992581023,0.9497714870073356,IndianPines,AE2,8,li,Buildings-Grass-Trees-Drives,0.7023255813953488
IndianPines_AE2_8_paoletti,83.25849277625927,0.8095285777929407,IndianPines,AE2,8,paoletti,Buildings-Grass-Trees-Drives,0.6574307304785895
IndianPines_PCA_8_mou,92.78602108551348,0.9178804271775152,IndianPines,PCA,8,mou,Stone-Steel-Towers,0.9787234042553191
IndianPines_PCA_8_hamida,97.12026552128076,0.9672566855231628,IndianPines,PCA,8,hamida,Stone-Steel-Towers,1.0
IndianPines_PCA_8_li,97.39359625146427,0.9703704852790824,IndianPines,PCA,8,li,Stone-Steel-Towers,1.0
IndianPines_PCA_8_paoletti,94.0550566185084,0.93238052453371,IndianPines,PCA,8,paoletti,Stone-Steel-Towers,0.9680851063829787
IndianPines_FastICA_8_mou,88.80320187426787,0.8727241357481775,IndianPines,FastICA,8,mou,Stone-Steel-Towers,0.9479166666666666
IndianPines_FastICA_8_hamida,96.8566966028895,0.9642573077941268,IndianPines,FastICA,8,hamida,Stone-Steel-Towers,0.9893617021276596
IndianPines_FastICA_8_li,97.06169465052714,0.9665812126559132,IndianPines,FastICA,8,li,Stone-Steel-Towers,1.0
IndianPines_FastICA_8_paoletti,93.57672784068724,0.9269751546160928,IndianPines,FastICA,8,paoletti,Stone-Steel-Towers,0.989247311827957
IndianPines_UMAP_8_mou,84.01991409605623,0.8181828334041815,IndianPines,UMAP,8,mou,Stone-Steel-Towers,0.9680851063829787
IndianPines_UMAP_8_hamida,96.19289340101524,0.9567506584678585,IndianPines,UMAP,8,hamida,Stone-Steel-Towers,1.0
IndianPines_UMAP_8_li,97.13002733307302,0.9673679821115794,IndianPines,UMAP,8,li,Stone-Steel-Towers,1.0
IndianPines_UMAP_8_paoletti,91.6536509176103,0.9050981710403004,IndianPines,UMAP,8,paoletti,Stone-Steel-Towers,0.9587628865979382
IndianPines_DiffMaps_8_mou,75.44904334244436,0.7175534318527652,IndianPines,DiffMaps,8,mou,Stone-Steel-Towers,0.9583333333333334
IndianPines_DiffMaps_8_hamida,85.75470777636842,0.8375970183875586,IndianPines,DiffMaps,8,hamida,Stone-Steel-Towers,0.9893617021276596
IndianPines_DiffMaps_8_li,89.05259049663381,0.8750600233248391,IndianPines,DiffMaps,8,li,Stone-Steel-Towers,1.0
IndianPines_DiffMaps_8_paoletti,76.25134159430188,0.7301167130154771,IndianPines,DiffMaps,8,paoletti,Stone-Steel-Towers,0.9789473684210527
IndianPines_SOM_8_mou,78.11493804273587,0.7502580390927936,IndianPines,SOM,8,mou,Stone-Steel-Towers,0.8018018018018018
IndianPines_SOM_8_hamida,91.11132793443262,0.89869331655254,IndianPines,SOM,8,hamida,Stone-Steel-Towers,0.9787234042553191
IndianPines_SOM_8_li,83.73499853644257,0.8142964496207955,IndianPines,SOM,8,li,Stone-Steel-Towers,0.9893617021276596
IndianPines_SOM_8_paoletti,84.35944970240999,0.8213412546375117,IndianPines,SOM,8,paoletti,Stone-Steel-Towers,0.9787234042553191
IndianPines_Corr_8_mou,76.02499023818821,0.7242782009130428,IndianPines,Corr,8,mou,Stone-Steel-Towers,0.7319587628865979
IndianPines_Corr_8_hamida,81.54041390082,0.7902187421344499,IndianPines,Corr,8,hamida,Stone-Steel-Towers,0.8526315789473684
IndianPines_Corr_8_li,74.41429129246389,0.7049177650578656,IndianPines,Corr,8,li,Stone-Steel-Towers,0.8737864077669902
IndianPines_Corr_8_paoletti,79.12924638812964,0.7606215634739103,IndianPines,Corr,8,paoletti,Stone-Steel-Towers,0.79
IndianPines_Var_8_mou,76.14213197969544,0.72629081186898,IndianPines,Var,8,mou,Stone-Steel-Towers,0.7981651376146789
IndianPines_Var_8_hamida,80.0761421319797,0.7725674396478752,IndianPines,Var,8,hamida,Stone-Steel-Towers,0.8602150537634409
IndianPines_Var_8_li,87.9832096837173,0.8627414286537316,IndianPines,Var,8,li,Stone-Steel-Towers,0.8691588785046729
IndianPines_Var_8_paoletti,80.72042171026943,0.7806533474858448,IndianPines,Var,8,paoletti,Stone-Steel-Towers,0.8108108108108109
IndianPines_AE1_8_mou,84.7130027333073,0.8260823956249891,IndianPines,AE1,8,mou,Stone-Steel-Towers,0.9583333333333334
IndianPines_AE1_8_hamida,86.63607965638423,0.8478585252816302,IndianPines,AE1,8,hamida,Stone-Steel-Towers,0.9893617021276596
IndianPines_AE1_8_li,93.73291682936352,0.9286493947372092,IndianPines,AE1,8,li,Stone-Steel-Towers,1.0
IndianPines_AE1_8_paoletti,82.35064427957829,0.7987855551485525,IndianPines,AE1,8,paoletti,Stone-Steel-Towers,0.9489795918367347
IndianPines_AE2_8_hamida,93.75244045294806,0.9291235010475488,IndianPines,AE2,8,hamida,Stone-Steel-Towers,1.0
IndianPines_AE2_8_li,95.5778992581023,0.9497714870073356,IndianPines,AE2,8,li,Stone-Steel-Towers,1.0
IndianPines_AE2_8_paoletti,83.25849277625927,0.8095285777929407,IndianPines,AE2,8,paoletti,Stone-Steel-Towers,0.9484536082474226
